fname,lname,address,city,state,zip
Tyson,Hilpert,Collier Trafficway,Marceloshire,AZ,42080
Everardo,Casper,Sammie Ridge,East Christina,LA,91049
Nola,Haag,Briana Cape,Jaedenshire,MN,79986
Conor,O'Hara,Champlin Land,Leschburgh,TN,56479-0260
Claire,Emard,Zaria Rue,Alfredoborough,TN,48860-5365
Aniya,Kiehn,Irma Fall,East Aldashire,WY,59358
Jana,Bergnaum,Langworth Lakes,Cremintown,VA,66533-5609
Andy,Towne,Carmen Unions,Walshport,NE,55954-0237
Josiane,Hills,Rodger Circle,Melissaland,NV,22050
Major,Sauer,Barton Roads,North Letitiaburgh,UT,63559-5459
Jayson,Kiehn,Blick Dale,Port Skye,VA,89424
Sarai,Larson,Senger Stream,Lake Glendachester,WA,34555-1514
Joanne,Hickle,Sonny Cliffs,Kingbury,SC,63757-8372
Marlon,Maggio,Padberg Circle,Lake Kaleigh,LA,89288
Caesar,Bradtke,Deontae Villages,Mervinborough,ME,24552-2132
Ford,King,Geraldine Bridge,Baumbachchester,FL,94909-5692
Mia,Schmitt-More,Waters Parks,East Chadrickmouth,NJ,34303
Xavier Pumpkin,Medhurst,Kutch Meadow,Kulaschester,MN,73946
Mariano,Lynch,Gussie Plains,Gianniport,AK,99111-2240
Phyllis,Dibbert,Considine Passage,Yundtmouth,NJ,20253-5290
Destany,Shanahan,Jonatan Place,Angelhaven,ME,76494-5691
Eldred,Graham,Jorge Square,New Dagmarborough,SC,89950-3122
Odell,Bode,Gene Stravenue,D'Amorestad,ID,97033-5246
Aglae,Vandervort,Dakota Row,Dickinsonborough,MS,32624
Sabryna,Rogahn,Melyna Islands,South Amelieton,NM,32976
Reta,Walter,Nola Vista,New Carolineview,MD,45514-4544
Sean,Armstrong,Kovacek Gateway,Piperborough,DE,92006-9075
Javier,Mosciski,Courtney Plaza,East Carlieville,KY,96760-9777
Karianne,Leuschke,Gaylord Forge,Wardville,MI,42445
Valentin,Mraz,Matteo Circles,Port Alysonborough,AR,44538
Jamison,Crooks,Kirsten Ports,Loweshire,AZ,78784-3803
Eden,Beahan,Edd Greens,Adolfview,CA,47220
Akeem,Zemlak,Maudie Hills,Haagshire,NY,37745-6187
Antwan,Littel,Ana Mountain,Marcellushaven,IL,28990
Sedrick,Mosciski,Kylee Ways,Brayanland,NY,66306
Eileen,Swaniawski,Tyrese Light,Bogisichmouth,RI,68905
Gail,Donnelly,Bailey Isle,Port Fernando,OH,94501
Jewel,Rempel,Schimmel Falls,Port Cornellview,WI,64557
Amara,Mertz,Kreiger Keys,Horaciobury,MS,71551-9975
Wilhelm,Blanda,Ansley Turnpike,West Orval,MT,14233
Marlin,Abbott,Gorczany Ranch,Lake Tyree,RI,88064
Mireille,Johnston,Bernier Streets,South Lenna,CO,31823
Titus,Corkery,Frieda Well,Santabury,NH,50390-0010
Alfred,Abernathy,Verna Parkway,Concepcionburgh,ND,82788
Shayna,Runte,Kessler Lane,West Vitoberg,MA,77501-2146
Kennedi,Haley,Jacobson Viaduct,East Joyce,NM,55380
Keven,Upton,Maryse Cliff,Binsview,MI,79910-0983
Percy,Reichert,Clarabelle Glen,East Felicitybury,TN,76402
Piper,Pfannerstill,Balistreri Isle,East Erichstad,VA,77191-8212
Douglas,McClure,Luciano Crescent,North Jaylonmouth,NM,56092-7351
Ole,Moore,Steuber Meadow,South Maurine,NM,53295-5852
Kira,Labadie,Athena Ports,Port Jaiden,GA,95921-2787
Nelle,Rice,Janis Corner,Lefflerchester,MS,67958-4209
Tiara,Senger,Carlos Ferry,Joyborough,UT,12211
Sydni,Lehner,Hand Island,Kellyport,NY,40752-2624
Mariane,Schumm,Schaden Wall,Ondrickastad,MN,91750
Macey,Hamill,O'Reilly Harbors,Port Rosannaview,CT,37446
Tianna,Gottlieb,Sanford Fall,Ernserborough,NE,67520-9272
Wilfred,Kovacek,Thelma Shoal,Shanieview,VA,23131
Isobel,Toy,Daugherty Vista,Wuckertview,TN,51457
Celestino,Hoppe,Ondricka Common,Riceview,NE,20910
Hiram,Pfannerstill,Sidney Forges,North Axelfurt,WV,86411-1711
Queen,Kemmer,Tomas Village,Silasberg,IA,94148-3967
Victor,Sipes,Ethelyn Landing,Pattieport,NJ,80680
June,Doyle,Chasity Trail,Haleighfort,OR,87467-3401
Kavon,Pacocha,Antwon River,New Camryn,WA,53825
Kiana,Sawayn,Pfeffer Summit,Beaufort,WI,18553
Paolo,Steuber,Clemmie Spur,South Macyborough,MS,29060
Kim,Dickinson,Skiles River,West Audie,NV,96366
Kaley,Quigley,Beier Ways,Adityaburgh,HI,85386-8480
Sandy,Kihn,Ludwig Street,Marksshire,NV,76472-0706
Kayli,Friesen,Luther Drives,Heathcotefort,ND,88883
Joel,Steuber,Alberta Ridge,Port Cordiatown,TN,42906
Larry,Glover,Hermann Tunnel,Coleside,WA,91133
Demetris,Hoppe,Amira Fords,Lake Elna,OH,87339
Foster,Marks,Kuhlman Rest,Treutelmouth,AR,34272-5254
Eulah,Wehner,Lexus Road,Williamsonville,NE,68528
Scarlett,West,Vivienne Lodge,Leannonport,PA,53193
Kaylin,Rutherford,Karley Overpass,Janaburgh,AK,49701
Kaitlyn,Dicki,Serena Views,South Kyler,WI,77137-8676
Ima,Spencer,Towne Prairie,East Gracielaburgh,SC,21019-9811
Halie,Johnston,Enoch Stravenue,North Isabellahaven,NH,16073
Wilber,Heathcote,Aurelia Crest,Amiyaside,MA,25189-2852
Ella,Rau,Katarina Cliff,Port Addiebury,IA,15923
Tressa,Hammes,Keebler Plains,Jenkinsstad,WV,44691
Lesly,Mayer,Streich Views,West Lia,ID,63623
Brook,Sanford,Della Track,Elinorburgh,PA,63792-9203
Columbus,Rohan,Evalyn Ports,Lake Gilberto,IN,14543-3291
Ansley,Tremblay,Maureen Mission,Bellaberg,MI,55938-7949
Ova,Runolfsson,Maeve Heights,North Vincenzoton,CT,89368
Shane,Erdman,Lula Falls,Rohanmouth,VA,47264
Wilmer,Hamill,Gerson Trail,Kristoferside,AR,21495
Alexandria,Krajcik,Bartell Land,Port Madonna,WI,13707
Anna,Ullrich,Hirthe Islands,New Solon,NJ,14206-4906
Maye,Brown,Willms Courts,Wilhelmineshire,NY,83644-8508
Drake,Berge,O'Keefe Villages,Port Seamus,CA,18798-6814
Darryl,Dach,Emmett Forks,Lake Edwardoshire,NC,90796
Aniya,Metz,Erin Courts,Lake Richie,ME,18565
Ephraim,Bednar,Deanna Wells,West Nettieton,NJ,14145-6911
Oswaldo,Welch,Leonie Canyon,North Jeramystad,NE,35111
Adolf,Carroll,Kylee Wall,Alizaside,KS,60993
Berta,Orn,Adelia Drives,Mertzmouth,TX,58185
Fiona,Weissnat,Floyd Vista,Selmerbury,CO,87135-7613
Nelle,Ritchie,Eino Junctions,New Elliotfurt,TX,64479-4492
Luigi,Cummerata,Tatum Rest,Albertatown,KY,44504-0539
Joe,Adams,Marlon Parkways,Lake Cotyfurt,UT,86301
Alia,D'Amore,Kaycee Keys,East Annabelle,ID,58835
Fredy,Kuhlman,Demarco Estate,South Alexie,OH,26418-7795
Marlene,Dickinson,Colt Ports,Huelborough,IL,76463-8980
Bella,Moore,Bergstrom Spurs,Audreymouth,NV,85262-3611
Adam,Champlin,Reinger Key,Tysonshire,RI,89121-7099
Cathy,Daugherty,Manuela Oval,Deckowmouth,GA,64986
Bertrand,Kovacek,Malachi Ridges,West Modesta,WV,88090
Marty,Zemlak,Trace Expressway,North Joanneport,PA,11742-5828
Mary,Ryan,Lakin Shore,West Brennon,NC,30255-0213
Pierce,Reynolds,Ollie Creek,South Cassandreberg,MN,42960-7593
Bernard,Gulgowski,Orn Locks,North Vena,NV,55782
Dereck,Hintz,Zachery Mountain,North Tomshire,SC,32778
Emmanuel,Wolff,Prohaska Courts,East Averychester,AZ,31141
Anna,Pfannerstill,Ethan Junction,Faybury,SD,16108
Isobel,Huel,Darrion Trafficway,East Samson,OR,91236-7163
Humberto,Moen,Will Corners,Eloisaburgh,SC,17826
Russ,Stamm,Shanel Island,North Guiseppe,SD,52646-3103
Tatyana,Schulist,Araceli Street,New Susanashire,PA,18727
Reid,Gutmann,West Camp,Alexandroside,NM,58535
Dianna,Herzog,Sim Fields,Elmomouth,MT,17648
Trisha,Sporer,Berge Pines,Jenkinsport,WV,62849
Joanny,Powlowski,Verlie Track,New Deven,WV,69905
Fabiola,Feil,Drew Plains,Morarbury,SC,94162
Fleta,Lebsack,Vincenza Turnpike,Joeville,VT,86561
Kenyatta,Ullrich,Joe Plain,Lake Tavaresport,VT,45592-4201
Raul,Bernhard,Queen Shores,Port Norrisbury,UT,71888
Bernadine,Jacobi,Gutmann Shore,Westhaven,IA,32333
Hildegard,Wolf,Casper Prairie,Farrellchester,NH,80855-3006
Macey,Collier,Powlowski Corners,South Venastad,IN,96303-0217
Enrique,Wintheiser,West Lights,Finnview,NC,47573-1083
Lucio,Murazik,Kadin Islands,Noemimouth,NY,60573-3264
Larry,O'Kon,Kody Orchard,Lake Clara,WA,40789
Genesis,Abshire,Clinton Pine,Macejkovicstad,AR,87981-6440
Drew,Predovic,Boyle Garden,East Judge,PA,89129
Mitchell,Ruecker,Powlowski Circles,Mannbury,IN,47543
Caden,Waelchi,Ullrich Burgs,East Lorenz,FL,43826-6231
Teagan,Stark,Bernardo Vista,Justenfort,NV,47993-3642
Myrtis,Bogan,Macejkovic Flat,New Loriport,NC,13204
Mozell,Beier,Deckow Mountain,West Jairo,SC,47829-3243
Maye,Rogahn,Schmidt Dam,Ritchieview,IA,75743
Darrell,Runolfsson,Bartoletti Squares,North Timmothytown,TX,41035-6096
Kennith,Russel,Spencer Mountain,Lake Frederick,OR,47687-7626
Nia,Hahn,Albertha Summit,Port Tito,RI,43555
Julia,Watsica,O'Kon Ports,Walshborough,MA,68509-5375
Bernhard,Leffler,Magali Island,New Thaddeus,LA,75684
Gene,Rath,Kohler Stravenue,Mazieberg,OK,44979
Adriel,Jones,Johnnie Villages,Hayleeton,ID,81130-8130
Cassie,Dickens,Crooks Prairie,Port Laronton,AL,54564-5849
Heber,Dach,Holly Greens,Cielofort,MS,72724-6632
Violette,Vandervort,Ward Loaf,Marjorieshire,MS,87619
Brennon,Bayer,Jedidiah Groves,Kellibury,IA,61811-8556
Efrain,Borer,Boehm Pike,Malindaport,CA,66338-5634
Judy,Kub,Valentin Keys,East Jamarcus,SD,29751-2808
Johan,O'Reilly,Dina Skyway,Port Katarinamouth,ME,28415
Irwin,Waelchi,Yasmine Estate,Port Shad,OR,12875
Gloria,Purdy,Marina Spring,Farrellstad,WI,74594-7022
Jillian,Kirlin,McClure Coves,East Aliciaport,IL,74450-4288
Amelie,Erdman,Swaniawski Views,West Manuelafort,NJ,91386-4778
Bud,Blick,Wuckert Ford,North Meagan,MD,84598-6257
Kameron,Walter,Alejandra View,East Terrence,HI,58816-8995
Evert,Farrell,Durgan Orchard,Alfonsoville,TN,62953-3442
Flossie,Wintheiser,Bechtelar Mills,Lake Coy,PA,78323-1946
Marcel,Jast,Cristina Parkways,Port Eryn,UT,71444
Pablo,Wyman,Kirlin Villages,Port Kane,WV,85399
Robbie,Mayert,Cummerata Isle,Lake Rettaberg,MS,69602-0260
Fabiola,Considine,Sherman Knoll,South Duanestad,NV,99889-2991
Camden,Langworth,Odie Ferry,New Frederique,GA,60328-0019
Zoe,Robel,Wilber Port,Port Aubreystad,KY,40768
Ernesto,Hermiston,Kendra Spur,North Eldridge,VT,34188-8594
Layne,Schmidt,Yundt Pass,Port Kittymouth,DE,16834
Catalina,Kemmer,Bins Glens,East Timmyport,AK,25218-2010
Alysson,Kreiger,Kraig Ports,Weldontown,NV,96355
Kellie,Howell,Sarina Inlet,Raynorville,MS,11178
Marcia,Schaden,Labadie Pike,Stehrburgh,GA,35488-1343
Shad,Bogan,Kessler Mills,West Yeseniashire,MO,45208
Pablo,McLaughlin,Destini Forge,Angusberg,GA,76273-5217
Antwon,McCullough,Lind Roads,New Hope,IN,83672-5635
Alan,Ferry,Bartoletti Alley,Wilmerburgh,WY,12304-7733
Dereck,Durgan,Labadie Estate,Port Deronshire,NV,87728-6643
Brent,Schuppe,Dahlia Viaduct,New Sydnieshire,VT,73787
River,Jacobi,Weber Rapids,New Thea,AR,96601
Richmond,Homenick,Jared Unions,Lake Oran,WY,58363
Rasheed,Rohan,Franecki Crossroad,Leslieberg,KS,93916-7558
Ilene,Kutch,Autumn Rue,Sawaynberg,ND,79781
German,Cormier,Kendall Vista,West Jonas,MA,21711
Mia,Bogisich,Tavares Crescent,Tonyfort,RI,33712-5717
Tyra,Mante,Arianna Manor,Lake Stefanie,OK,86964-5043
Lexus,Dibbert,Senger Springs,South Kaylee,MO,63050
Cathrine,Nader,Mina Wells,Bernierside,MD,73816
Ruben,Glover,Joany Fall,Port Vincenza,AR,41410-1817
Bernard,Collins,Keeling Corners,North Christopheberg,IL,88464
Carmella,Emard,Guido Shores,MacGyvershire,TX,21161-4786
Vincent,Fadel,Bernier Inlet,Port Casimirstad,IN,64956
Berenice,Nader,Cody Mountain,South Adonis,NH,33043
Ezra,Weber,Zachery Keys,North Maci,ID,78082
Freida,Willms,Simeon Vista,South Stephanyside,CO,63666
Laurel,Smith,Dimitri Burgs,New Ed,NH,64666-8857
Bennett,Schimmel,Jailyn Springs,West Kellie,NM,18977-2775
Autumn,Bergstrom,Asia Lane,West Nicklaus,UT,33145
Katelynn,Beer,Daphne Burgs,Maiyaburgh,UT,67536-1283
Richard,Hayes,Marianna Garden,Mohammedside,CA,41409-0842
Catherine,Crooks,Julianne Fork,Grahamland,HI,28912
Theresia,Moore,Little Plains,New Harmonyton,AZ,48698
Flavio,Raynor,Hickle Trail,Stehrton,KY,15939
Bryce,Pfannerstill,McGlynn Drives,Wilhelmineview,WV,86979
Casimir,Kris,Gorczany Harbors,Lake Willamouth,HI,21608-2458
Durward,Kuhn,Shea Road,East Kraigton,CT,14267-8137
Grant,O'Reilly,Alverta Trafficway,South Andresmouth,VT,31540
Fredrick,Wuckert,Gleason Harbors,North Rubychester,CA,93089
Litzy,Pacocha,Mozelle Manors,Everettside,NV,69166
Norma,Streich,Elton Vista,South Jacinto,WY,71975-0343
Hettie,Dooley,Euna Land,Rubenfurt,NJ,12982-9710
Hassan,Erdman,Christiansen Summit,West Reymouth,VT,86899-7593
Elvie,Wyman,Richmond Flat,Marcomouth,NY,94428-8442
Jermain,Wuckert,Rosenbaum Park,Bernhardburgh,NH,50902
Waldo,Daugherty,Grant Canyon,Yasmeenbury,CT,47612-2818
Carroll,Gutkowski,Carole Plains,Lillianamouth,WI,66537
Serenity,Reinger,Willms Highway,West Addie,CT,66579
Jonatan,Brakus,Kunde Isle,Gottliebfort,OR,98235
Franco,Gottlieb,Morar Branch,Watershaven,NC,47301
Darrick,Kautzer,Stefan Isle,Port Garlandfurt,VA,49031-3585
Marta,Bosco,Hettinger Square,Shieldshaven,DE,70996-9897
Angelica,Kertzmann,Rippin Street,Lake Gay,TX,18761
Skyla,Lindgren,Ricardo Courts,Lake Autumn,WI,93198
Zion,Torphy,Miller Spurs,New Judeview,FL,10931
Anastacio,Thompson,Alysson Islands,Kallieville,DE,99960
Rashawn,Schmeler,Joseph Lake,Sengerville,MS,37946-8648
Barry,Bechtelar,Kylee Terrace,Lemuelville,TX,28565
Lacey,Bins,Ashtyn Bypass,Gennaromouth,IA,83675-5190
Kaela,O'Keefe,O'Keefe Court,Dellabury,RI,19266
Johann,Heidenreich,Aurelio Mills,Weimannbury,UT,76973-4342
Daisy,McKenzie,Xzavier Plaza,Lake Emilia,SD,64973
Nathen,Lockman,Daugherty Ferry,Schuppeton,AR,96864
Kyle,Ziemann,Myrl Station,Jadonshire,HI,38797-1789
Brianne,Ondricka,Christina Flats,Colliershire,CT,94261
Lyda,Fisher,Mayert Falls,Maureenhaven,UT,68920
Rosalee,Bednar,Dustin Turnpike,New Daryl,VA,44218-1117
Lew,Legros,Lupe Unions,Port Bradfordshire,FL,87023
Stanford,Predovic,Pouros Glen,East Delta,KY,39775
Janessa,Lesch,Michaela Run,Kaileeville,KS,21919-5520
Lukas,Abbott,Abbigail Neck,Alexatown,FL,65991
Sonia,Anderson,Nikolaus Via,Marionshire,IN,17203
Sabina,Douglas,Hertha Fort,Morissettefort,DE,92048-6430
Maiya,Parker,Bode Park,Lake Enricobury,CT,49636
Eleanora,Labadie,Homenick Junctions,New Demarcoton,WA,20564
Gordon,Lueilwitz,Angela Club,Jonfurt,ND,41017
Hudson,Ratke,Douglas Mountain,South Jameson,MA,48455
Dewitt,Stroman,Carrie Land,Efrenview,IN,89022-2758
Haylee,Lockman,Ila Key,North Royalfurt,MD,46529
Eryn,Douglas,Reilly Mountains,South Geoffreyton,AK,52977-4766
Gregg,Conn,Green Fords,North Candace,RI,79477
Tamia,Brakus,Kovacek Way,Howellberg,TN,14486-4621
Catherine,Robel,Boyer Valleys,Marquardtborough,NE,26484-9879
Merle,Klocko,Leffler Springs,Port Damian,TN,14325-9698
Jayce,Hodkiewicz,Elouise Shoals,Daughertymouth,MN,38133
Kane,Hessel,Kemmer Harbor,Langoshmouth,NV,72652
Jonas,Smith,Grady Roads,South Elmermouth,HI,32032
Finn,Dickens,Wiza Forge,Okunevashire,AZ,71504-9834
Wilford,Bashirian,Abbigail Walks,West Teresamouth,WV,30392-0489
Frederick,Hoppe,Francisca Street,Port Woodrow,OK,52682
Gerardo,Kunde,Deckow Highway,Kuvalisberg,CA,52224
Janessa,Kerluke,Mertz Station,Rippinbury,AK,10799
Dewayne,Windler,Maximilian Bridge,Mekhichester,VT,81231
Clark,Conroy,Dickens Haven,South Rhoda,IL,97028
Braxton,Kautzer,Jeanette Bridge,North Leliamouth,IL,97879
Winnifred,Ritchie,Erwin Estate,Port Nelson,MA,12379
Rogers,Wintheiser,Andreane Shore,Stammton,AK,91769
Daniela,Huels,Heidenreich Estates,East Kaci,AL,22697
Estell,Turner,Oscar Pines,New Cydney,CO,62369
Flavie,Cassin,Bosco Streets,Lockmanhaven,IA,83961
Dana,Runolfsson,Erdman Ville,Cummingsburgh,OR,88263
Mack,Langworth,Joanie Plaza,Olgaland,KS,87310-8598
Luciano,Tremblay,Borer Station,Port Jamarcus,OH,49183
Sandrine,Bins,Bernice Way,East Russell,ME,50732
Kim,Aufderhar,Bo Pass,East Ashlynn,MA,32772
Emmett,Breitenberg,Emilio Burgs,Winonaborough,WA,42486-7488
Chet,Glover,Buster Roads,Robertsburgh,WY,33701
Shawn,Hand,Durgan Views,West Rossie,WY,96199
Griffin,Murazik,Dooley Bypass,Krystalport,NV,21832-7155
Julia,Effertz,Bartell Branch,Hellerland,IA,70013-1070
Easter,Langworth,Zemlak Station,Sebastianfort,DE,23997-9189
Abe,Conroy,O'Hara Squares,South Tavaresberg,CO,54393
Maximilian,Rutherford,Botsford Spring,Port Khalil,IL,52183
Destin,Cummings,Cormier Stream,Sydnieshire,OR,69000
Orion,Hills,Boyer Vista,Lavinaland,OH,70147
Camilla,Dare,Beth Springs,East Cale,HI,90187-5504
Trycia,Ortiz,Hickle Forges,Ladariusview,WY,10144-9143
Ronny,Schaden,Nelson Circle,Port Danialfort,ME,72268
Chance,Mertz,Alphonso Island,Okunevaburgh,MT,55544
Christiana,Schuppe,Goldner Station,Mollyport,SC,24525-1955
Abbey,Pouros,Granville Cliffs,North Sadieland,MA,19360
Erick,Torphy,Brenda Inlet,Gerholdfort,MT,81289-1518
Rodolfo,Kertzmann,Lester Hills,New Sigrid,NV,97174
Kylie,Lowe,Elsa Islands,New Vladimir,NC,33359
Eric,Hessel,Parisian Spring,Rohanland,NC,16700
Michele,Harvey,Donnelly Rapids,Sengerfurt,AL,89320
Kaitlin,Rice,Kuhlman Trafficway,Morganfort,OR,18141
Daren,Kuhic,Malvina Isle,South Justenshire,MI,55920-9177
Baby,Feil,Braun View,Turcotteville,ND,79011-6084
Tanner,Emmerich,Morissette Road,South Reva,IN,61799-6374
Will,Fay,Edwardo Junctions,Eichmannside,CT,39064-1074
Fae,Bergnaum,Omari Extension,Aidanbury,ID,58387
Carmelo,Larson,MacGyver Lakes,Allystad,MO,66755
Macie,Kihn,Hessel Ridge,North Dakotaview,AR,93839-1465
Derrick,O'Kon,Donnelly Square,Kendratown,OH,45728-5328
Kaya,Walter,Smith Meadows,North Danykaburgh,LA,44004-5423
Vernon,Batz,Estell Islands,Thomasfurt,RI,59720
Buster,Abshire,Dena Mall,Lake Masonfort,ID,24182-0451
Toni,Steuber,Gottlieb Union,North Alysha,ND,42806-0581
Russ,Witting,Jonatan Isle,South Katlyn,OH,88680-6786
Maybell,Price,Destiney Loaf,West Shakira,LA,27843
Blaise,Conn,Gunner Shore,Durganmouth,MS,14219-8613
Gisselle,Aufderhar,Auer Stream,North Velda,MN,49741-5929
Tristian,Yundt,Terrence Well,Port Macychester,AZ,27594
Clement,Marks,Reilly Bypass,West Lenora,TN,89546
Marley,Gislason,Thiel Harbors,North Tobinland,NY,23487
Norval,Gutkowski,Stoltenberg Lake,New Madalynfurt,CA,52927
Polly,Osinski,Maximilian Squares,East Ashley,NV,80698
Catherine,Conroy,Lyda Mission,Susannafort,ID,74249-9243
Brayan,Conroy,Bruen View,McClureport,TX,36909-6517
Louie,Wisoky,Schoen Plains,East Cloyd,VA,37501-7122
Fredy,Leffler,Mann Ports,Rogersshire,MN,20637-8544
Trey,Abshire,Mazie Row,South Margret,CA,16998-9219
Madyson,Fadel,Morar Run,East Leanna,NM,65844-8101
Ova,Kozey,Tre Burgs,Port Cynthia,NH,82627-8721
Jo,Bayer,Doyle Pike,Franciscohaven,AR,79755-4872
Willie,Miller,Hand Radial,New Fermin,MO,21770-8415
Jovanny,Johnson,Prosacco Plain,Idabury,MD,16423-1788
Gerhard,Kling,Missouri Stream,East Antwan,WY,22931
Cruz,Erdman,Weissnat Plaza,Port Noeltown,CO,60590-6218
Zaria,Wiza,Adrain Islands,Ornside,MI,40176-7572
Haleigh,Kerluke,Eli Isle,North Rae,LA,36543-8262
Wendy,Beier,O'Hara Locks,South Zoramouth,MO,48358-4672
Drake,Bauch,Icie Oval,Spinkaton,AR,78126-6828
Berenice,Hamill,Davis Islands,New Allenton,MD,34984-5698
Cathryn,O'Conner,Muller Forest,South Isom,DE,18466
Lenny,Ernser,Theron Expressway,East Selmer,IA,33637-4467
Dorothy,Mante,Gerhold Prairie,Aricmouth,IN,82230-9749
Danielle,Swift,Prohaska Villages,Lake Marleneton,HI,17029
Emilia,Gusikowski,Bernhard Village,Alfonsoland,AZ,77130
Heidi,Lindgren,Enola Highway,Skilesmouth,NJ,17880
Brenda,Johns,Kirstin Corners,West Bettyeview,AL,61383-0014
Antonetta,Spencer,Stan Fork,Ornborough,MS,81594
Kennedi,Collier,Kaleb Coves,Keshaunshire,AK,33609
Grady,Price,Hilda Wells,West Sigridville,OH,44870-2237
Cynthia,Legros,Ullrich Ville,Stewartland,MO,42448-8431
Gideon,Cruickshank,Gleichner Village,Mayerhaven,SC,15312
Jacinto,Predovic,Samara Square,Schultzshire,CA,49934
Nels,Kris,Corkery Turnpike,Dustyville,OR,46350
Stephania,Erdman,Schuppe Valley,New Marilou,IL,96185-8356
Myra,Robel,Altenwerth Point,Satterfieldfort,IL,87445
Darby,Boyle,Senger Fords,Keyonville,AK,37058
Madyson,Roob,Christine Cove,New Katlynnland,AK,12551-7915
Woodrow,D'Amore,Pouros Plaza,West Kristymouth,MA,92420-6334
Dolores,Schmitt,Fay Plaza,Mariechester,OR,13468
Kyler,Crooks,Wolff Lock,Randalstad,MI,57963
Daron,Conn,Joana Locks,Rickychester,SD,70509-2323
Joshua,Denesik,Aufderhar Burgs,Johnsmouth,NH,36448
Vada,Casper,Gorczany Summit,Nicholemouth,NH,44043-9278
Bradford,Predovic,Hamill Row,West Meda,MA,72366-7190
Daniella,Flatley,Dagmar Mission,Lake Dejuanchester,OR,99917-6692
Luciano,Kuvalis,Maximillia Stravenue,Rennermouth,ID,43370-9833
Osbaldo,Stracke,Lowe Islands,Wildermantown,SC,35257
Deron,Weissnat,Pouros Alley,Schmittburgh,NH,84656
Cicero,Steuber,Jewel Light,Port Josephine,MN,19201
Lupe,Labadie,Fisher Forks,North Louvenia,DE,16647
Velda,Gutkowski,Garnet Mall,Beckerburgh,NC,83151-2337
Jazmyn,Lynch,Lebsack Branch,Lake Darian,NV,96983
Isai,Dach,Kiehn Streets,Bridgettefurt,MD,74730-5793
Crystal,Larkin,Aiyana Mews,South Antoniaville,WI,59719-2440
Deborah,Tillman,Hills Radial,Muellerton,KS,89172
Kolby,Sanford,Felicita Green,West Cleta,AK,96514
Dewitt,Dach,Upton View,Kurtchester,CO,31601
Lessie,Pollich,William Stream,Millerborough,OK,63562
Ardella,Zieme,Block Cliff,Port Jackeline,WY,83568
Misael,Wilkinson,Lenny Brook,West Eladio,TN,60512-9481
Magnus,Kuvalis,Jean Rapids,Wehnerville,ND,66267-2332
Polly,Bosco,Fay Ways,East Fernando,DE,90785
Lance,Windler,Chris Skyway,Joannyfurt,NM,59952
Lelah,Senger,Bulah Valleys,Nolanburgh,MT,70181-5233
Emma,Schowalter,Beahan Rest,New Kavonstad,LA,57779
Caesar,Simonis,Orion Club,Isaiahshire,OR,87061
Evans,Lynch,Muller Streets,Shanahanshire,VA,27565-4753
Devonte,Considine,Reese Course,Connerchester,AR,28677-7619
Quinn,Zulauf,Kozey Port,East Libbyland,MO,71056-0533
Esta,Nitzsche,Kozey Ridges,Goyetteton,OK,47326
Thea,Ward,Elwyn Corner,Schinnermouth,MT,60175
Jammie,Eichmann,Ambrose Ramp,West Velma,FL,30189-0034
Fae,Williamson,O'Keefe Springs,West Belle,MI,37141
Will,Mueller,Madaline Stream,Lisandrohaven,OK,34965-1446
Shanon,Huels,Elsa Isle,Eltonborough,SC,59253-5333
Tod,Bruen,Jerde Land,Reichelland,WA,12567-4083
Brielle,Pacocha,Runolfsson Glen,Port Michele,VT,82797-7994
Sierra,Fay,Quincy Motorway,Towneburgh,VA,94228
Anika,Gaylord,Dewayne Circle,Izaiahmouth,OK,60991
Haylie,Lebsack,Erdman Vista,East Vellatown,CA,80987-9508
Yolanda,Hayes,Kristy Views,South Shawnfurt,LA,72188-5081
Rosetta,Welch,Wehner Mission,New Abbieberg,HI,21826
Lonzo,Jacobi,Grimes Squares,Millsborough,WY,67749-4788
Rocky,Johnston,Elenor Glens,East Austinbury,WV,10094
General,O'Hara,Fisher Fords,Walshton,IA,14765-8228
Oran,D'Amore,Dannie Highway,West Christopher,IL,28998
Juvenal,Halvorson,Bernhard Plain,Sabrynaville,SD,73945-3480
Jess,Cronin,Spinka Square,North Fayechester,SC,51046-2053
Zechariah,Rolfson,Leda Burg,Rosenbaumland,AZ,40083-0101
Armand,Torp,Lucile Stream,Rempelside,MO,60691
Tevin,Robel,Kilback Pass,Port Sabina,ND,66331
Johnathan,Larson,Carleton Grove,South Natashaberg,MN,29059
Juanita,Kuhlman,Grady Points,Lake Annabel,KY,11264-5869
Sidney,Moen,Herman Drive,Lake Selmer,WI,19636
Irwin,Monahan,Conroy Glen,Zechariahmouth,TX,51961
Osborne,Rippin,Nader Creek,Port Davonberg,NJ,88728-4678
Rylan,Langworth,Corene Ways,Lake Lila,LA,51016-4523
Asa,Beer,Schaefer Camp,Gerlachchester,CO,22031-8143
Casey,Prosacco,Little Islands,Yazminburgh,NM,78014-6866
Kieran,Lueilwitz,Bartell Street,Gayleport,CO,33796
Charlene,Schoen,Icie Mills,Muhammadshire,MD,51178
Miracle,Wiza,Wilderman Branch,Ninaport,WA,76375-0369
Jillian,Borer,Shanel Villages,East Lemuel,AR,90837
Hiram,Schuster,Bruen Falls,Crooksmouth,UT,86710
Joey,Bernier,Kerluke Manor,Dahliashire,VT,54699-5484
Jocelyn,Kiehn,Oceane Shoal,Yvetteville,NC,49809
Dina,McGlynn,Denesik Canyon,Lake Rebaside,SD,62916
Frederick,Lueilwitz,Garrison Throughway,Orrinmouth,NH,88509-1609
Elinor,O'Keefe,Powlowski Stravenue,Port Zenaton,MN,15149-6083
Keely,Wisozk,Fritsch Cape,Schummfurt,AZ,17555-1239
Colleen,Witting,Melvin Springs,South Joanychester,KY,13302
Anais,Pfeffer,Ledner Gateway,East Lucindahaven,GA,76760-5101
Javier,Hilll,Harber Hill,New Nathaniel,ID,70454-0516
Maci,Runolfsson,Schmidt Parkways,Deshawnberg,OK,38899-9741
Amani,Kertzmann,Nikolaus Expressway,Port Henri,HI,75227-5759
Lewis,Dietrich,Crooks Island,East Joana,WV,65833-6168
Beau,Hegmann,Sanford Freeway,Kuhlmanside,MN,33397-0390
Izabella,Murray,Kunze Village,Wileyfort,OK,24910
Arvid,Nikolaus,Erdman Pines,Eliseoside,SC,57511-0330
Grady,Heller,Akeem Burgs,Wisokyton,OH,15045-7061
Tom,Batz,Emmanuel Heights,West Cristophermouth,FL,50327-0770
Ricardo,Gulgowski,Von Place,Wittingmouth,VT,52816
Mohamed,Okuneva,Watsica Centers,East Kaylee,NY,50038-1827
Joshuah,Deckow,Schuppe Points,New Cedrick,ME,35244-0228
Adriel,Kiehn,Tatyana Rue,Port Dallinland,ME,28969
Dustin,Schmitt,Isobel Stream,Faymouth,GA,36608
Cicero,Bogan,Gaylord Fork,North Valentine,FL,74142-8062
Kennedy,Green,Franecki Village,New Ola,OK,53145-1421
Mike,Deckow,Brakus Lock,West Gilbertoview,VA,88156
Ralph,Langworth,Tanner Stream,West Ashleetown,OR,93370
Vada,Hansen,Bernita Island,Cruzfurt,CO,70148-1860
Tate,Considine,Bryon Lake,Gwendolynshire,IN,53305
Cathrine,Volkman,Evan Loaf,West Zena,GA,48692
Iva,Daugherty,Cali Greens,Dollyhaven,VA,84862
Quinton,Nienow,Shields Ford,Kautzerland,ME,36921
Carley,Roob,Opal Fields,Daleville,SD,86713-5468
Ismael,Stark,Nickolas Plaza,Bartolettiville,VA,40944
Merl,Kulas,Rosalyn Union,Barrowsport,NE,81699
Kyleigh,Ward,Enrico Path,Hilpertborough,AR,80088-3565
Mitchell,Schowalter,Watsica Skyway,Dellamouth,MT,64035-3502
Rita,Abshire,Trantow Spur,New Rosieville,VA,72507-6785
Florencio,Beier,Bednar Corners,South Lilian,KS,20850
Salvador,Powlowski,Ena Glen,West Nicholausside,NM,68328-2541
Christophe,Herzog,Glen Common,Port Dejahton,IA,54954
Lindsey,Funk,Julia Crescent,New Bo,WA,15249-5984
Jensen,Stracke,Runolfsson Shoal,Brendanstad,MD,39156-0739
Jessie,Hayes,Trent Street,Reyfurt,GA,65721
Corene,Hettinger,Legros Mountain,Gracielaburgh,WV,98237
Laury,Pfannerstill,Krajcik Route,East Lourdes,SC,48994-0466
Zola,Fadel,Ward Island,North Mitchelport,OR,52581
Daphney,Kling,Elvie Plaza,Soledadburgh,AL,18391-0580
Audreanne,Hintz,Leanne Haven,Damionfort,IA,85808-4090
Eusebio,Sipes,Paucek Plains,Purdymouth,AZ,25976
Thelma,Spencer,Nolan Rue,Saraistad,WA,45017-9146
Alysha,Rice,Leanna Parkways,East Marcmouth,NJ,37740-7178
Britney,Kunze,Brain Passage,Kochside,KS,11065
Leslie,Bahringer,Heller View,Lake Lyric,AL,50742-2817
Julie,O'Keefe,Emelia Flats,Lake Savanahfort,TX,24623
Alayna,Cormier,O'Keefe Plaza,Welchshire,ME,52834-5652
Armand,Beahan,Dexter Loop,Ritchieville,RI,30288
Syble,DuBuque,Wava Flat,New Molly,ME,34178-1362
Santiago,Schimmel,Elizabeth Shoals,Port Brianamouth,ME,85857-7056
Golda,Leffler,Yundt Stream,West Zackery,VA,47223-3909
Kayli,Gerlach,Effertz Forges,Shakirastad,HI,26051-1606
Brad,Langworth,Edd Square,East Ernestoland,KY,73955
Katrina,Kuhic,Cecilia Square,South Ada,VA,86893
Erika,Wiegand,Emma Junction,Hickleland,KS,68709
Sharon,Sauer,Conroy Passage,Lilianefurt,SC,81110-3063
Tia,Harber,Paucek Turnpike,Jerdefort,HI,30462-6318
Jillian,Gleason,Spencer Trace,Christiansenville,WY,79846
Cory,Luettgen,Littel Cove,Lake Nestorchester,FL,77769
Katlynn,Cole,Littel Ports,Hansentown,MN,85673
Hettie,Deckow,Emmet Spur,Alexandershire,AL,48858-0858
Jade,Senger,Irma Glen,Lake Shaynaborough,OK,41380-8624
Jayme,Beahan,Lafayette Keys,New Adelemouth,IN,69123
Gay,Stiedemann,Bailey Crest,Shanahanborough,PA,38269-5737
Warren,Langworth,Boyle Junction,Lake Jermaine,OK,66605
Bryana,Morar,Etha Pass,West Giannichester,DE,51449
